00001.jpg,black
00002.jpg,white_silver
00003.jpg,white_silver
00004.jpg,black
00005.jpg,white_silver
00006.jpg,white_silver
00007.jpg,black
00008.jpg,black
00009.jpg,white_silver
00010.jpg,black
00011.jpg,black
00012.jpg,white_silver
00013.jpg,white_silver
00014.jpg,black
00015.jpg,white_silver
00016.jpg,black
00017.jpg,white_silver
00018.jpg,green
00019.jpg,white_silver
00020.jpg,white_silver
00021.jpg,white_silver
00022.jpg,white_silver
00023.jpg,black
00024.jpg,black
00025.jpg,black
00026.jpg,yellow
00027.jpg,white_silver
00028.jpg,white_silver
00029.jpg,white_silver
00030.jpg,black
00031.jpg,white_silver
00032.jpg,black
00033.jpg,yellow
00034.jpg,white_silver
00035.jpg,white_silver
00036.jpg,black
00037.jpg,black
00038.jpg,red
00039.jpg,white_silver
00040.jpg,white_silver
00041.jpg,black
00042.jpg,black
00043.jpg,white_silver
00044.jpg,white_silver
00045.jpg,white_silver
00046.jpg,white_silver
00047.jpg,black
00048.jpg,black
00049.jpg,white_silver
00050.jpg,black
00051.jpg,black
00052.jpg,black
00053.jpg,white_silver
00054.jpg,white_silver
00055.jpg,white_silver
00056.jpg,black
00057.jpg,white_silver
00058.jpg,white_silver
00059.jpg,black
00060.jpg,white_silver
00061.jpg,white_silver
00062.jpg,black
00063.jpg,white_silver
00064.jpg,white_silver
00065.jpg,black
00066.jpg,white_silver
00067.jpg,white_silver
00068.jpg,green
00069.jpg,white_silver
00070.jpg,white_silver
00071.jpg,black
00072.jpg,white_silver
00073.jpg,black
00074.jpg,black
00075.jpg,black
00076.jpg,white_silver
00077.jpg,white_silver
00078.jpg,white_silver
00079.jpg,black
00080.jpg,white_silver
00081.jpg,black
00082.jpg,black
00083.jpg,green
00084.jpg,black
00085.jpg,black
00086.jpg,green
00087.jpg,white_silver
00088.jpg,white_silver
00089.jpg,white_silver
00090.jpg,black
00091.jpg,black
00092.jpg,white_silver
00093.jpg,white_silver
00094.jpg,white_silver
00095.jpg,black
00096.jpg,green
